time,sunrise,sunset,daylight_duration,temperature_2m_mean,precipitation_sum,sunset_h,sunrise_h
2025-01-01,2025-01-01T08:59,2025-01-01T16:07,25686.1,-2.6,3.9,16.116666666666667,8.983333333333333
2025-01-02,2025-01-02T08:59,2025-01-02T16:08,25776.42,2.1,2.0,16.133333333333333,8.983333333333333
2025-01-03,2025-01-03T08:58,2025-01-03T16:10,25873.65,-3.7,3.5,16.166666666666668,8.966666666666667
2025-01-04,2025-01-04T08:58,2025-01-04T16:11,25977.62,-5.3,0.8,16.183333333333334,8.966666666666667
2025-01-05,2025-01-05T08:57,2025-01-05T16:12,26088.2,-4.9,0.5,16.2,8.95
2025-01-06,2025-01-06T08:57,2025-01-06T16:14,26205.22,-5.8,0.0,16.233333333333334,8.95
2025-01-07,2025-01-07T08:56,2025-01-07T16:15,26328.68,-2.1,6.1,16.25,8.933333333333334
2025-01-08,2025-01-08T08:56,2025-01-08T16:17,26459.91,2.1,1.0,16.283333333333335,8.933333333333334
2025-01-09,2025-01-09T08:55,2025-01-09T16:18,26598.97,-0.4,0.0,16.3,8.916666666666666
2025-01-10,2025-01-10T08:54,2025-01-10T16:20,26745.48,0.9,2.4,16.333333333333332,8.9
2025-01-11,2025-01-11T08:53,2025-01-11T16:22,26899.08,2.9,5.0,16.366666666666667,8.883333333333333
2025-01-12,2025-01-12T08:52,2025-01-12T16:23,27059.37,-1.1,0.0,16.383333333333333,8.866666666666667
2025-01-13,2025-01-13T08:51,2025-01-13T16:25,27226.01,-2.5,0.8,16.416666666666668,8.85
2025-01-14,2025-01-14T08:50,2025-01-14T16:27,27398.64,-5.0,2.0,16.45,8.833333333333334
2025-01-15,2025-01-15T08:49,2025-01-15T16:29,27576.88,-0.1,0.3,16.483333333333334,8.816666666666666
2025-01-16,2025-01-16T08:48,2025-01-16T16:31,27760.4,-1.3,3.8,16.516666666666666,8.8
2025-01-17,2025-01-17T08:47,2025-01-17T16:33,27948.86,2.4,0.0,16.55,8.783333333333333
2025-01-18,2025-01-18T08:45,2025-01-18T16:34,28141.92,1.2,1.8,16.566666666666666,8.75
2025-01-19,2025-01-19T08:44,2025-01-19T16:36,28339.26,-0.3,0.0,16.6,8.733333333333333
2025-01-20,2025-01-20T08:43,2025-01-20T16:38,28540.55,0.3,0.0,16.633333333333333,8.716666666666667
2025-01-21,2025-01-21T08:41,2025-01-21T16:40,28745.48,-5.7,0.0,16.666666666666668,8.683333333333334
2025-01-22,2025-01-22T08:40,2025-01-22T16:42,28953.76,-5.4,0.9,16.7,8.666666666666666
2025-01-23,2025-01-23T08:38,2025-01-23T16:44,29165.11,-2.6,0.0,16.733333333333334,8.633333333333333
2025-01-24,2025-01-24T08:37,2025-01-24T16:47,29379.21,-2.0,0.0,16.783333333333335,8.616666666666667
2025-01-25,2025-01-25T08:35,2025-01-25T16:49,29595.82,-0.5,0.0,16.816666666666666,8.583333333333334
2025-01-26,2025-01-26T08:34,2025-01-26T16:51,29814.65,1.7,0.9,16.85,8.566666666666666
2025-01-27,2025-01-27T08:32,2025-01-27T16:53,30035.69,3.4,2.4,16.883333333333333,8.533333333333333
2025-01-28,2025-01-28T08:30,2025-01-28T16:55,30261.16,3.5,0.1,16.916666666666668,8.5
2025-01-29,2025-01-29T08:28,2025-01-29T16:57,30491.38,3.4,0.1,16.95,8.466666666666667
2025-01-30,2025-01-30T08:27,2025-01-30T16:59,30725.95,4.6,0.1,16.983333333333334,8.45
2025-01-31,2025-01-31T08:25,2025-01-31T17:01,30964.53,3.3,0.0,17.016666666666666,8.416666666666666
2025-02-01,2025-02-01T08:23,2025-02-01T17:03,31206.76,2.5,1.4,17.05,8.383333333333333
2025-02-02,2025-02-02T08:21,2025-02-02T17:05,31452.3,0.4,0.4,17.083333333333332,8.35
2025-02-03,2025-02-03T08:19,2025-02-03T17:08,31700.82,-0.7,0.1,17.133333333333333,8.316666666666666
2025-02-04,2025-02-04T08:17,2025-02-04T17:10,31952.01,-1.8,0.0,17.166666666666668,8.283333333333333
2025-02-05,2025-02-05T08:15,2025-02-05T17:12,32205.54,-1.5,0.0,17.2,8.25
2025-02-06,2025-02-06T08:13,2025-02-06T17:14,32461.13,-1.5,0.0,17.233333333333334,8.216666666666667
2025-02-07,2025-02-07T08:11,2025-02-07T17:16,32718.49,-3.7,0.0,17.266666666666666,8.183333333333334
2025-02-08,2025-02-08T08:09,2025-02-08T17:19,32977.34,-4.0,0.0,17.316666666666666,8.15
2025-02-09,2025-02-09T08:07,2025-02-09T17:21,33237.41,-4.4,0.0,17.35,8.116666666666667
2025-02-10,2025-02-10T08:05,2025-02-10T17:23,33498.43,-5.0,0.0,17.383333333333333,8.083333333333334
2025-02-11,2025-02-11T08:02,2025-02-11T17:25,33760.15,-5.9,0.0,17.416666666666668,8.033333333333333
2025-02-12,2025-02-12T08:00,2025-02-12T17:27,34022.34,-6.8,0.0,17.45,8.0
2025-02-13,2025-02-13T07:58,2025-02-13T17:30,34284.74,-7.1,0.0,17.5,7.966666666666667
2025-02-14,2025-02-14T07:56,2025-02-14T17:32,34547.13,-6.9,0.2,17.533333333333335,7.933333333333334
2025-02-15,2025-02-15T07:54,2025-02-15T17:34,34809.28,-8.5,0.2,17.566666666666666,7.9
2025-02-16,2025-02-16T07:51,2025-02-16T17:36,35071.21,-10.7,0.5,17.6,7.85
2025-02-17,2025-02-17T07:49,2025-02-17T17:38,35335.2,-12.2,0.0,17.633333333333333,7.816666666666666
2025-02-18,2025-02-18T07:47,2025-02-18T17:40,35601.68,-10.9,0.3,17.666666666666668,7.783333333333333
2025-02-19,2025-02-19T07:44,2025-02-19T17:42,35870.38,-7.5,0.1,17.7,7.733333333333333
2025-02-20,2025-02-20T07:42,2025-02-20T17:45,36141.05,-9.2,0.0,17.75,7.7
2025-02-21,2025-02-21T07:40,2025-02-21T17:47,36413.47,-7.6,0.0,17.783333333333335,7.666666666666667
2025-02-22,2025-02-22T07:37,2025-02-22T17:49,36687.38,-7.4,0.0,17.816666666666666,7.616666666666667
2025-02-23,2025-02-23T07:35,2025-02-23T17:51,36962.57,-9.6,0.0,17.85,7.583333333333333
2025-02-24,2025-02-24T07:32,2025-02-24T17:53,37238.82,-10.5,0.0,17.883333333333333,7.533333333333333
2025-02-25,2025-02-25T07:30,2025-02-25T17:55,37515.92,-9.5,0.0,17.916666666666668,7.5
2025-02-26,2025-02-26T07:28,2025-02-26T17:57,37793.65,-6.6,0.0,17.95,7.466666666666667
2025-02-27,2025-02-27T07:25,2025-02-27T18:00,38071.81,-6.4,0.0,18.0,7.416666666666667
2025-02-28,2025-02-28T07:23,2025-02-28T18:02,38350.2,-4.2,0.0,18.033333333333335,7.383333333333334
2025-03-01,2025-03-01T07:20,2025-03-01T18:04,38628.63,-0.7,0.0,18.066666666666666,7.333333333333333
2025-03-02,2025-03-02T07:17,2025-03-02T18:06,38906.9,-1.1,0.4,18.1,7.283333333333333
2025-03-03,2025-03-03T07:15,2025-03-03T18:08,39184.81,-0.4,1.2,18.133333333333333,7.25
2025-03-04,2025-03-04T07:12,2025-03-04T18:10,39462.2,1.2,5.7,18.166666666666668,7.2
2025-03-05,2025-03-05T07:10,2025-03-05T18:12,39738.87,1.2,3.2,18.2,7.166666666666667
2025-03-06,2025-03-06T07:07,2025-03-06T18:14,40014.63,4.4,2.3,18.233333333333334,7.116666666666666
2025-03-07,2025-03-07T07:05,2025-03-07T18:16,40289.31,7.0,0.0,18.266666666666666,7.083333333333333
2025-03-08,2025-03-08T07:02,2025-03-08T18:18,40562.95,3.6,0.0,18.3,7.033333333333333
2025-03-09,2025-03-09T07:00,2025-03-09T18:21,40837.59,5.6,0.0,18.35,7.0
2025-03-10,2025-03-10T06:57,2025-03-10T18:23,41113.66,3.9,0.0,18.383333333333333,6.95
2025-03-11,2025-03-11T06:55,2025-03-11T18:25,41390.98,6.8,0.2,18.416666666666668,6.916666666666667
2025-03-12,2025-03-12T06:52,2025-03-12T18:27,41669.38,7.5,4.6,18.45,6.866666666666667
2025-03-13,2025-03-13T06:50,2025-03-13T18:29,41948.7,7.0,0.2,18.483333333333334,6.833333333333333
2025-03-14,2025-03-14T06:47,2025-03-14T18:31,42228.78,9.4,7.0,18.516666666666666,6.783333333333333
2025-03-15,2025-03-15T06:44,2025-03-15T18:33,42509.44,0.3,0.0,18.55,6.733333333333333
2025-03-16,2025-03-16T06:42,2025-03-16T18:35,42790.54,-0.1,0.0,18.583333333333332,6.7
2025-03-17,2025-03-17T06:39,2025-03-17T18:37,43071.9,-1.7,1.8,18.616666666666667,6.65
2025-03-18,2025-03-18T06:36,2025-03-18T18:39,43353.39,-2.3,0.0,18.65,6.6
2025-03-19,2025-03-19T06:34,2025-03-19T18:41,43634.82,-0.2,0.9,18.683333333333334,6.566666666666666
2025-03-20,2025-03-20T06:31,2025-03-20T18:43,43916.04,3.1,0.0,18.716666666666665,6.516666666666667
2025-03-21,2025-03-21T06:29,2025-03-21T18:45,44196.9,4.6,0.0,18.75,6.483333333333333
2025-03-22,2025-03-22T06:26,2025-03-22T18:47,44477.23,1.5,0.0,18.783333333333335,6.433333333333334
2025-03-23,2025-03-23T06:23,2025-03-23T18:49,44756.87,0.7,0.0,18.816666666666666,6.383333333333334
2025-03-24,2025-03-24T06:21,2025-03-24T18:51,45035.67,4.1,0.0,18.85,6.35
2025-03-25,2025-03-25T06:18,2025-03-25T18:53,45313.44,3.9,5.2,18.883333333333333,6.3
2025-03-26,2025-03-26T06:15,2025-03-26T18:55,45590.04,3.0,0.2,18.916666666666668,6.25
2025-03-27,2025-03-27T06:13,2025-03-27T18:57,45865.28,4.8,1.8,18.95,6.216666666666667
2025-03-28,2025-03-28T06:10,2025-03-28T18:59,46139.2,6.1,0.1,18.983333333333334,6.166666666666667
2025-03-29,2025-03-29T06:08,2025-03-29T19:01,46413.69,6.9,0.0,19.016666666666666,6.133333333333334
2025-03-30,2025-03-30T06:05,2025-03-30T19:03,46689.15,7.2,0.0,19.05,6.083333333333333
2025-03-31,2025-03-31T06:03,2025-03-31T19:05,46965.45,9.3,0.0,19.083333333333332,6.05
2025-04-01,2025-04-01T06:00,2025-04-01T19:07,47242.41,8.7,6.8,19.116666666666667,6.0
2025-04-02,2025-04-02T05:57,2025-04-02T19:09,47519.91,8.6,3.6,19.15,5.95
2025-04-03,2025-04-03T05:55,2025-04-03T19:11,47797.78,8.3,0.0,19.183333333333334,5.916666666666667
2025-04-04,2025-04-04T05:52,2025-04-04T19:13,48075.88,8.8,0.0,19.216666666666665,5.866666666666667
2025-04-05,2025-04-05T05:50,2025-04-05T19:15,48354.05,4.0,0.1,19.25,5.833333333333333
2025-04-06,2025-04-06T05:47,2025-04-06T19:17,48632.12,-1.9,11.6,19.283333333333335,5.783333333333333
2025-04-07,2025-04-07T05:44,2025-04-07T19:19,48909.94,-1.3,13.4,19.316666666666666,5.733333333333333
2025-04-08,2025-04-08T05:42,2025-04-08T19:21,49187.35,-1.4,7.3,19.35,5.7
2025-04-09,2025-04-09T05:39,2025-04-09T19:24,49464.17,-2.2,3.6,19.4,5.65
2025-04-10,2025-04-10T05:37,2025-04-10T19:26,49740.24,-1.9,1.0,19.433333333333334,5.616666666666667
2025-04-11,2025-04-11T05:34,2025-04-11T19:28,50015.37,-0.9,0.0,19.466666666666665,5.566666666666666
2025-04-12,2025-04-12T05:31,2025-04-12T19:30,50289.38,-0.1,1.2,19.5,5.516666666666667
2025-04-13,2025-04-13T05:29,2025-04-13T19:32,50562.09,3.0,2.4,19.533333333333335,5.483333333333333
2025-04-14,2025-04-14T05:26,2025-04-14T19:34,50833.3,6.3,0.0,19.566666666666666,5.433333333333334
2025-04-15,2025-04-15T05:24,2025-04-15T19:36,51102.81,11.5,0.0,19.6,5.4
2025-04-16,2025-04-16T05:22,2025-04-16T19:38,51370.43,13.3,0.0,19.633333333333333,5.366666666666666
2025-04-17,2025-04-17T05:19,2025-04-17T19:40,51636.13,12.9,0.0,19.666666666666668,5.316666666666666
2025-04-18,2025-04-18T05:17,2025-04-18T19:42,51901.8,16.3,0.4,19.7,5.283333333333333
2025-04-19,2025-04-19T05:14,2025-04-19T19:44,52167.83,18.1,1.2,19.733333333333334,5.233333333333333
2025-04-20,2025-04-20T05:12,2025-04-20T19:46,52434.05,18.3,0.0,19.766666666666666,5.2
2025-04-21,2025-04-21T05:09,2025-04-21T19:48,52700.29,18.5,0.0,19.8,5.15
2025-04-22,2025-04-22T05:07,2025-04-22T19:50,52966.37,18.1,0.1,19.833333333333332,5.116666666666666
2025-04-23,2025-04-23T05:05,2025-04-23T19:52,53232.11,18.2,0.3,19.866666666666667,5.083333333333333
2025-04-24,2025-04-24T05:02,2025-04-24T19:54,53497.31,14.9,0.0,19.9,5.033333333333333
2025-04-25,2025-04-25T05:00,2025-04-25T19:56,53761.8,12.8,3.3,19.933333333333334,5.0
2025-04-26,2025-04-26T04:57,2025-04-26T19:58,54025.36,4.5,0.0,19.966666666666665,4.95
2025-04-27,2025-04-27T04:55,2025-04-27T20:00,54287.79,2.6,0.3,20.0,4.916666666666667
2025-04-28,2025-04-28T04:53,2025-04-28T20:02,54548.87,5.1,0.0,20.033333333333335,4.883333333333333
2025-04-29,2025-04-29T04:50,2025-04-29T20:04,54808.38,7.9,3.0,20.066666666666666,4.833333333333333
2025-04-30,2025-04-30T04:48,2025-04-30T20:06,55066.09,8.1,1.8,20.1,4.8
2025-05-01,2025-05-01T04:46,2025-05-01T20:08,55321.76,6.4,21.1,20.133333333333333,4.766666666666667
2025-05-02,2025-05-02T04:44,2025-05-02T20:10,55575.14,3.8,9.3,20.166666666666668,4.733333333333333
2025-05-03,2025-05-03T04:41,2025-05-03T20:12,55825.99,8.1,0.4,20.2,4.683333333333334
2025-05-04,2025-05-04T04:39,2025-05-04T20:14,56074.0,11.9,7.7,20.233333333333334,4.65
2025-05-05,2025-05-05T04:37,2025-05-05T20:16,56318.94,11.3,3.5,20.266666666666666,4.616666666666667
2025-05-06,2025-05-06T04:35,2025-05-06T20:18,56560.51,6.8,0.4,20.3,4.583333333333333
2025-05-07,2025-05-07T04:33,2025-05-07T20:20,56798.61,9.4,0.1,20.333333333333332,4.55
2025-05-08,2025-05-08T04:31,2025-05-08T20:22,57035.04,6.6,0.2,20.366666666666667,4.516666666666667
2025-05-09,2025-05-09T04:29,2025-05-09T20:24,57270.15,6.0,0.0,20.4,4.483333333333333
2025-05-10,2025-05-10T04:27,2025-05-10T20:25,57503.74,5.9,1.8,20.416666666666668,4.45
2025-05-11,2025-05-11T04:25,2025-05-11T20:27,57735.6,5.1,1.2,20.45,4.416666666666667
2025-05-12,2025-05-12T04:23,2025-05-12T20:29,57965.47,5.0,4.0,20.483333333333334,4.383333333333334
2025-05-13,2025-05-13T04:21,2025-05-13T20:31,58193.15,6.3,7.1,20.516666666666666,4.35
2025-05-14,2025-05-14T04:19,2025-05-14T20:33,58418.38,8.8,0.9,20.55,4.316666666666666
2025-05-15,2025-05-15T04:17,2025-05-15T20:35,58640.92,11.4,0.1,20.583333333333332,4.283333333333333
2025-05-16,2025-05-16T04:16,2025-05-16T20:37,58860.53,15.5,0.0,20.616666666666667,4.266666666666667
2025-05-17,2025-05-17T04:14,2025-05-17T20:39,59076.9,16.3,0.0,20.65,4.233333333333333
2025-05-18,2025-05-18T04:12,2025-05-18T20:40,59289.8,16.1,1.4,20.666666666666668,4.2
2025-05-19,2025-05-19T04:10,2025-05-19T20:42,59498.93,13.9,1.9,20.7,4.166666666666667
2025-05-20,2025-05-20T04:09,2025-05-20T20:44,59703.99,12.6,6.3,20.733333333333334,4.15
2025-05-21,2025-05-21T04:07,2025-05-21T20:46,59904.68,14.6,0.8,20.766666666666666,4.116666666666666
2025-05-22,2025-05-22T04:06,2025-05-22T20:47,60100.71,16.4,0.0,20.783333333333335,4.1
2025-05-23,2025-05-23T04:04,2025-05-23T20:49,60291.75,20.2,0.0,20.816666666666666,4.066666666666666
2025-05-24,2025-05-24T04:03,2025-05-24T20:51,60477.47,22.5,0.0,20.85,4.05
2025-05-25,2025-05-25T04:01,2025-05-25T20:52,60657.56,23.2,0.0,20.866666666666667,4.016666666666667
2025-05-26,2025-05-26T04:00,2025-05-26T20:54,60831.67,23.2,0.0,20.9,4.0
2025-05-27,2025-05-27T03:58,2025-05-27T20:55,60999.59,22.9,0.0,20.916666666666668,3.966666666666667
2025-05-28,2025-05-28T03:57,2025-05-28T20:57,61162.67,22.4,0.0,20.95,3.95
2025-05-29,2025-05-29T03:56,2025-05-29T20:58,61321.1,23.8,0.1,20.966666666666665,3.9333333333333336
2025-05-30,2025-05-30T03:55,2025-05-30T21:00,61474.7,23.0,0.5,21.0,3.9166666666666665
2025-05-31,2025-05-31T03:54,2025-05-31T21:01,61623.26,21.0,3.5,21.016666666666666,3.9
2025-06-01,2025-06-01T03:53,2025-06-01T21:02,61766.56,18.3,0.1,21.033333333333335,3.8833333333333333
2025-06-02,2025-06-02T03:52,2025-06-02T21:04,61904.41,17.8,0.0,21.066666666666666,3.8666666666666667
2025-06-03,2025-06-03T03:51,2025-06-03T21:05,62036.6,19.5,0.1,21.083333333333332,3.85
2025-06-04,2025-06-04T03:50,2025-06-04T21:06,62162.9,18.7,0.4,21.1,3.8333333333333335
2025-06-05,2025-06-05T03:49,2025-06-05T21:07,62283.12,20.0,0.0,21.116666666666667,3.8166666666666664
2025-06-06,2025-06-06T03:48,2025-06-06T21:08,62397.05,21.6,2.7,21.133333333333333,3.8
2025-06-07,2025-06-07T03:47,2025-06-07T21:09,62504.47,22.8,3.3,21.15,3.783333333333333
2025-06-08,2025-06-08T03:47,2025-06-08T21:10,62605.17,22.1,1.9,21.166666666666668,3.783333333333333
2025-06-09,2025-06-09T03:46,2025-06-09T21:11,62698.94,22.1,1.7,21.183333333333334,3.7666666666666666
2025-06-10,2025-06-10T03:46,2025-06-10T21:12,62785.59,17.3,0.0,21.2,3.7666666666666666
2025-06-11,2025-06-11T03:45,2025-06-11T21:13,62864.91,16.3,0.0,21.216666666666665,3.75
2025-06-12,2025-06-12T03:45,2025-06-12T21:14,62936.7,17.8,3.7,21.233333333333334,3.75
2025-06-13,2025-06-13T03:44,2025-06-13T21:15,63000.78,16.4,10.4,21.25,3.7333333333333334
2025-06-14,2025-06-14T03:44,2025-06-14T21:15,63056.96,14.5,10.0,21.25,3.7333333333333334
2025-06-15,2025-06-15T03:44,2025-06-15T21:16,63105.05,15.0,5.7,21.266666666666666,3.7333333333333334
2025-06-16,2025-06-16T03:44,2025-06-16T21:16,63144.92,18.4,0.0,21.266666666666666,3.7333333333333334
2025-06-17,2025-06-17T03:44,2025-06-17T21:17,63176.82,17.8,5.2,21.283333333333335,3.7333333333333334
2025-06-18,2025-06-18T03:44,2025-06-18T21:17,63200.83,16.5,4.1,21.283333333333335,3.7333333333333334
2025-06-19,2025-06-19T03:44,2025-06-19T21:17,63216.98,15.1,4.7,21.283333333333335,3.7333333333333334
2025-06-20,2025-06-20T03:44,2025-06-20T21:18,63225.3,13.6,7.8,21.3,3.7333333333333334
2025-06-21,2025-06-21T03:44,2025-06-21T21:18,63225.83,13.8,0.1,21.3,3.7333333333333334
2025-06-22,2025-06-22T03:44,2025-06-22T21:18,63218.64,13.2,2.6,21.3,3.7333333333333334
2025-06-23,2025-06-23T03:45,2025-06-23T21:18,63203.77,15.3,0.0,21.3,3.75
2025-06-24,2025-06-24T03:45,2025-06-24T21:18,63181.29,16.3,1.9,21.3,3.75
2025-06-25,2025-06-25T03:45,2025-06-25T21:18,63151.27,15.9,1.8,21.3,3.75
2025-06-26,2025-06-26T03:46,2025-06-26T21:18,63113.8,15.7,1.1,21.3,3.7666666666666666
2025-06-27,2025-06-27T03:47,2025-06-27T21:18,63068.96,14.6,0.0,21.3,3.783333333333333
2025-06-28,2025-06-28T03:47,2025-06-28T21:18,63016.87,16.6,0.0,21.3,3.783333333333333
2025-06-29,2025-06-29T03:48,2025-06-29T21:17,62957.59,16.9,7.7,21.283333333333335,3.8
2025-06-30,2025-06-30T03:49,2025-06-30T21:17,62891.25,12.5,8.3,21.283333333333335,3.8166666666666664
2025-07-01,2025-07-01T03:49,2025-07-01T21:16,62817.97,12.9,7.6,21.266666666666666,3.8166666666666664
2025-07-02,2025-07-02T03:50,2025-07-02T21:16,62737.85,15.5,1.5,21.266666666666666,3.8333333333333335
2025-07-03,2025-07-03T03:51,2025-07-03T21:15,62651.04,20.0,0.0,21.25,3.85
2025-07-04,2025-07-04T03:52,2025-07-04T21:15,62557.64,20.9,1.5,21.25,3.8666666666666667
2025-07-05,2025-07-05T03:53,2025-07-05T21:14,62457.8,16.7,0.0,21.233333333333334,3.8833333333333333
2025-07-06,2025-07-06T03:54,2025-07-06T21:13,62351.53,16.5,0.1,21.216666666666665,3.9
2025-07-07,2025-07-07T03:55,2025-07-07T21:12,62237.86,21.9,0.1,21.2,3.9166666666666665
2025-07-08,2025-07-08T03:56,2025-07-08T21:12,62116.78,24.9,1.6,21.2,3.9333333333333336
2025-07-09,2025-07-09T03:57,2025-07-09T21:11,61988.62,25.7,1.5,21.183333333333334,3.95
2025-07-10,2025-07-10T03:59,2025-07-10T21:10,61853.64,27.9,0.0,21.166666666666668,3.9833333333333334
2025-07-11,2025-07-11T04:00,2025-07-11T21:09,61712.17,29.0,0.0,21.15,4.0
2025-07-12,2025-07-12T04:01,2025-07-12T21:07,61564.49,29.0,0.6,21.116666666666667,4.016666666666667
2025-07-13,2025-07-13T04:03,2025-07-13T21:06,61410.89,26.4,3.1,21.1,4.05
2025-07-14,2025-07-14T04:04,2025-07-14T21:05,61251.7,23.8,1.8,21.083333333333332,4.066666666666666
2025-07-15,2025-07-15T04:06,2025-07-15T21:04,61087.17,22.3,9.0,21.066666666666666,4.1
2025-07-16,2025-07-16T04:07,2025-07-16T21:02,60917.6,21.0,7.4,21.033333333333335,4.116666666666666
2025-07-17,2025-07-17T04:09,2025-07-17T21:01,60743.26,21.2,5.6,21.016666666666666,4.15
2025-07-18,2025-07-18T04:10,2025-07-18T21:00,60564.45,21.6,0.0,21.0,4.166666666666667
2025-07-19,2025-07-19T04:12,2025-07-19T20:58,60381.4,21.3,1.4,20.966666666666665,4.2
2025-07-20,2025-07-20T04:13,2025-07-20T20:57,60194.4,21.9,0.6,20.95,4.216666666666667
2025-07-21,2025-07-21T04:15,2025-07-21T20:55,60003.69,18.9,31.2,20.916666666666668,4.25
2025-07-22,2025-07-22T04:17,2025-07-22T20:54,59809.53,19.5,3.2,20.9,4.283333333333333
2025-07-23,2025-07-23T04:18,2025-07-23T20:52,59612.14,20.4,1.4,20.866666666666667,4.3
2025-07-24,2025-07-24T04:20,2025-07-24T20:50,59411.76,21.3,3.0,20.833333333333332,4.333333333333333
2025-07-25,2025-07-25T04:22,2025-07-25T20:49,59208.64,22.6,0.0,20.816666666666666,4.366666666666666
2025-07-26,2025-07-26T04:24,2025-07-26T20:47,59002.81,20.9,0.0,20.783333333333335,4.4
2025-07-27,2025-07-27T04:25,2025-07-27T20:45,58792.57,22.5,0.0,20.75,4.416666666666667
2025-07-28,2025-07-28T04:27,2025-07-28T20:43,58577.74,25.0,0.0,20.716666666666665,4.45
2025-07-29,2025-07-29T04:29,2025-07-29T20:41,58358.68,25.6,0.2,20.683333333333334,4.483333333333333
2025-07-30,2025-07-30T04:31,2025-07-30T20:39,58135.64,25.4,0.1,20.65,4.516666666666667
2025-07-31,2025-07-31T04:32,2025-07-31T20:37,57908.96,25.6,0.1,20.616666666666667,4.533333333333333
2025-08-01,2025-08-01T04:34,2025-08-01T20:35,57678.92,22.1,18.3,20.583333333333332,4.566666666666666
2025-08-02,2025-08-02T04:36,2025-08-02T20:33,57445.83,20.9,1.1,20.55,4.6
2025-08-03,2025-08-03T04:38,2025-08-03T20:31,57209.93,21.1,0.2,20.516666666666666,4.633333333333333
2025-08-04,2025-08-04T04:40,2025-08-04T20:29,56971.51,19.7,21.7,20.483333333333334,4.666666666666667
2025-08-05,2025-08-05T04:42,2025-08-05T20:27,56730.8,20.5,7.4,20.45,4.7
2025-08-06,2025-08-06T04:44,2025-08-06T20:25,56488.08,21.0,0.0,20.416666666666668,4.733333333333333
2025-08-07,2025-08-07T04:46,2025-08-07T20:23,56243.56,18.1,5.2,20.383333333333333,4.766666666666667
2025-08-08,2025-08-08T04:48,2025-08-08T20:21,55997.49,17.1,0.1,20.35,4.8
2025-08-09,2025-08-09T04:50,2025-08-09T20:18,55750.09,15.9,10.3,20.3,4.833333333333333
2025-08-10,2025-08-10T04:51,2025-08-10T20:16,55501.56,17.3,0.1,20.266666666666666,4.85
2025-08-11,2025-08-11T04:53,2025-08-11T20:14,55252.12,16.6,1.9,20.233333333333334,4.883333333333333
2025-08-12,2025-08-12T04:55,2025-08-12T20:12,55001.98,16.6,5.0,20.2,4.916666666666667
2025-08-13,2025-08-13T04:57,2025-08-13T20:10,54751.31,16.7,1.0,20.166666666666668,4.95
2025-08-14,2025-08-14T04:59,2025-08-14T20:07,54500.31,15.1,0.5,20.116666666666667,4.983333333333333
2025-08-15,2025-08-15T05:01,2025-08-15T20:05,54248.98,18.2,0.0,20.083333333333332,5.016666666666667
2025-08-16,2025-08-16T05:03,2025-08-16T20:03,53995.46,18.2,0.0,20.05,5.05
2025-08-17,2025-08-17T05:05,2025-08-17T20:00,53739.46,17.4,1.4,20.0,5.083333333333333
2025-08-18,2025-08-18T05:07,2025-08-18T19:58,53481.21,13.9,4.2,19.966666666666665,5.116666666666666
2025-08-19,2025-08-19T05:09,2025-08-19T19:56,53220.96,16.6,0.5,19.933333333333334,5.15
2025-08-20,2025-08-20T05:11,2025-08-20T19:53,52958.89,16.6,6.8,19.883333333333333,5.183333333333334
2025-08-21,2025-08-21T05:13,2025-08-21T19:51,52695.25,14.2,9.0,19.85,5.216666666666667
2025-08-22,2025-08-22T05:15,2025-08-22T19:48,52430.23,13.3,0.0,19.8,5.25
2025-08-23,2025-08-23T05:17,2025-08-23T19:46,52164.02,14.0,0.0,19.766666666666666,5.283333333333333
2025-08-24,2025-08-24T05:19,2025-08-24T19:43,51896.82,14.3,0.0,19.716666666666665,5.316666666666666
2025-08-25,2025-08-25T05:20,2025-08-25T19:41,51628.82,12.5,1.5,19.683333333333334,5.333333333333333
2025-08-26,2025-08-26T05:22,2025-08-26T19:38,51360.21,11.9,2.2,19.633333333333333,5.366666666666666
2025-08-27,2025-08-27T05:24,2025-08-27T19:36,51091.14,12.3,1.0,19.6,5.4
2025-08-28,2025-08-28T05:26,2025-08-28T19:33,50821.8,13.6,0.1,19.55,5.433333333333334
2025-08-29,2025-08-29T05:28,2025-08-29T19:31,50552.35,15.7,0.9,19.516666666666666,5.466666666666667
2025-08-30,2025-08-30T05:30,2025-08-30T19:28,50282.95,21.7,0.0,19.466666666666665,5.5
2025-08-31,2025-08-31T05:32,2025-08-31T19:25,50013.76,21.6,0.0,19.416666666666668,5.533333333333333
2025-09-01,2025-09-01T05:34,2025-09-01T19:23,49744.94,18.7,0.0,19.383333333333333,5.566666666666666
2025-09-02,2025-09-02T05:36,2025-09-02T19:20,49476.63,15.1,0.0,19.333333333333332,5.6
2025-09-03,2025-09-03T05:38,2025-09-03T19:18,49208.98,15.1,0.0,19.3,5.633333333333333
2025-09-04,2025-09-04T05:40,2025-09-04T19:15,48941.96,14.7,0.1,19.25,5.666666666666667
2025-09-05,2025-09-05T05:42,2025-09-05T19:13,48673.76,15.7,0.0,19.216666666666665,5.7
2025-09-06,2025-09-06T05:44,2025-09-06T19:10,48404.05,16.2,0.0,19.166666666666668,5.733333333333333
2025-09-07,2025-09-07T05:46,2025-09-07T19:08,48132.99,16.9,0.0,19.133333333333333,5.766666666666667
2025-09-08,2025-09-08T05:48,2025-09-08T19:05,47860.74,17.0,0.0,19.083333333333332,5.8
2025-09-09,2025-09-09T05:49,2025-09-09T19:02,47587.49,17.2,0.0,19.033333333333335,5.816666666666666
2025-09-10,2025-09-10T05:51,2025-09-10T19:00,47313.38,14.8,0.0,19.0,5.85
2025-09-11,2025-09-11T05:53,2025-09-11T18:57,47038.57,15.1,0.0,18.95,5.883333333333333
2025-09-12,2025-09-12T05:55,2025-09-12T18:54,46763.21,14.4,0.0,18.9,5.916666666666667
2025-09-13,2025-09-13T05:57,2025-09-13T18:52,46487.47,12.6,0.0,18.866666666666667,5.95
2025-09-14,2025-09-14T05:59,2025-09-14T18:49,46211.49,13.2,0.0,18.816666666666666,5.983333333333333
2025-09-15,2025-09-15T06:01,2025-09-15T18:46,45935.4,14.6,0.0,18.766666666666666,6.016666666666667
2025-09-16,2025-09-16T06:03,2025-09-16T18:44,45659.37,16.1,0.0,18.733333333333334,6.05
2025-09-17,2025-09-17T06:05,2025-09-17T18:41,45383.54,15.5,0.0,18.683333333333334,6.083333333333333
2025-09-18,2025-09-18T06:07,2025-09-18T18:38,45108.04,13.8,0.4,18.633333333333333,6.116666666666666
2025-09-19,2025-09-19T06:09,2025-09-19T18:36,44833.02,12.5,4.9,18.6,6.15
2025-09-20,2025-09-20T06:11,2025-09-20T18:33,44558.62,13.2,0.4,18.55,6.183333333333334
2025-09-21,2025-09-21T06:13,2025-09-21T18:31,44284.99,17.0,0.0,18.516666666666666,6.216666666666667
2025-09-22,2025-09-22T06:15,2025-09-22T18:28,44012.26,19.9,0.0,18.466666666666665,6.25
2025-09-23,2025-09-23T06:17,2025-09-23T18:25,43740.58,15.0,1.2,18.416666666666668,6.283333333333333
2025-09-24,2025-09-24T06:18,2025-09-24T18:23,43469.9,8.9,0.1,18.383333333333333,6.3
2025-09-25,2025-09-25T06:20,2025-09-25T18:20,43198.39,8.0,0.4,18.333333333333332,6.333333333333333
2025-09-26,2025-09-26T06:22,2025-09-26T18:18,42925.66,8.8,0.0,18.3,6.366666666666666
2025-09-27,2025-09-27T06:24,2025-09-27T18:15,42651.89,8.6,3.6,18.25,6.4
2025-09-28,2025-09-28T06:26,2025-09-28T18:12,42377.22,7.1,1.2,18.2,6.433333333333334
2025-09-29,2025-09-29T06:28,2025-09-29T18:10,42101.81,6.6,0.0,18.166666666666668,6.466666666666667
2025-09-30,2025-09-30T06:30,2025-09-30T18:07,41825.83,5.1,0.0,18.116666666666667,6.5
2025-10-01,2025-10-01T06:32,2025-10-01T18:04,41549.43,6.0,0.0,18.066666666666666,6.533333333333333
2025-10-02,2025-10-02T06:34,2025-10-02T18:02,41272.77,7.2,0.0,18.033333333333335,6.566666666666666
2025-10-03,2025-10-03T06:36,2025-10-03T17:59,40996.01,8.2,1.3,17.983333333333334,6.6
2025-10-04,2025-10-04T06:38,2025-10-04T17:57,40719.29,9.2,0.0,17.95,6.633333333333333
2025-10-05,2025-10-05T06:40,2025-10-05T17:54,40442.8,10.0,1.0,17.9,6.666666666666667
2025-10-06,2025-10-06T06:42,2025-10-06T17:51,40166.68,11.1,3.3,17.85,6.7
2025-10-07,2025-10-07T06:44,2025-10-07T17:49,39891.1,10.9,0.6,17.816666666666666,6.733333333333333
2025-10-08,2025-10-08T06:46,2025-10-08T17:46,39616.23,11.1,0.0,17.766666666666666,6.766666666666667
2025-10-09,2025-10-09T06:48,2025-10-09T17:44,39342.25,11.1,0.7,17.733333333333334,6.8
2025-10-10,2025-10-10T06:50,2025-10-10T17:41,39069.32,10.0,1.5,17.683333333333334,6.833333333333333
2025-10-11,2025-10-11T06:52,2025-10-11T17:39,38797.62,10.1,0.7,17.65,6.866666666666667
2025-10-12,2025-10-12T06:54,2025-10-12T17:36,38527.33,7.2,1.0,17.6,6.9
2025-10-13,2025-10-13T06:56,2025-10-13T17:34,38258.65,4.1,20.6,17.566666666666666,6.933333333333334
2025-10-14,2025-10-14T06:58,2025-10-14T17:31,37991.54,4.4,5.1,17.516666666666666,6.966666666666667
2025-10-15,2025-10-15T07:00,2025-10-15T17:29,37723.94,3.7,6.6,17.483333333333334,7.0
2025-10-16,2025-10-16T07:02,2025-10-16T17:26,37455.46,3.7,0.5,17.433333333333334,7.033333333333333
2025-10-17,2025-10-17T07:04,2025-10-17T17:24,37186.28,7.8,2.7,17.4,7.066666666666666
2025-10-18,2025-10-18T07:06,2025-10-18T17:21,36916.6,6.0,0.2,17.35,7.1
2025-10-19,2025-10-19T07:08,2025-10-19T17:19,36646.6,5.7,0.3,17.316666666666666,7.133333333333334
2025-10-20,2025-10-20T07:10,2025-10-20T17:17,36376.48,6.0,0.4,17.283333333333335,7.166666666666667
2025-10-21,2025-10-21T07:13,2025-10-21T17:14,36106.46,4.2,2.4,17.233333333333334,7.216666666666667
2025-10-22,2025-10-22T07:15,2025-10-22T17:12,35836.74,5.1,0.0,17.2,7.25
2025-10-23,2025-10-23T07:17,2025-10-23T17:09,35567.54,4.7,0.1,17.15,7.283333333333333
2025-10-24,2025-10-24T07:19,2025-10-24T17:07,35299.07,7.0,1.9,17.116666666666667,7.316666666666666
2025-10-25,2025-10-25T07:21,2025-10-25T17:05,35031.56,9.5,0.3,17.083333333333332,7.35
2025-10-26,2025-10-26T07:23,2025-10-26T17:02,34765.24,7.3,4.7,17.033333333333335,7.383333333333334
2025-10-27,2025-10-27T07:25,2025-10-27T17:00,34500.36,6.3,2.8,17.0,7.416666666666667
2025-10-28,2025-10-28T07:27,2025-10-28T16:58,34237.16,6.3,6.9,16.966666666666665,7.45
2025-10-29,2025-10-29T07:29,2025-10-29T16:56,33975.88,5.3,2.6,16.933333333333334,7.483333333333333
2025-10-30,2025-10-30T07:31,2025-10-30T16:53,33716.81,5.6,0.0,16.883333333333333,7.516666666666667
2025-10-31,2025-10-31T07:34,2025-10-31T16:51,33460.2,5.5,9.9,16.85,7.566666666666666
2025-11-01,2025-11-01T07:36,2025-11-01T16:49,33206.34,5.4,0.0,16.816666666666666,7.6
2025-11-02,2025-11-02T07:38,2025-11-02T16:47,32955.51,5.0,0.1,16.783333333333335,7.633333333333333
2025-11-03,2025-11-03T07:40,2025-11-03T16:45,32707.78,6.0,1.8,16.75,7.666666666666667
2025-11-04,2025-11-04T07:42,2025-11-04T16:43,32460.85,8.5,3.0,16.716666666666665,7.7
2025-11-05,2025-11-05T07:44,2025-11-05T16:41,32214.32,6.4,0.0,16.683333333333334,7.733333333333333
2025-11-06,2025-11-06T07:46,2025-11-06T16:39,31968.41,7.0,1.6,16.65,7.766666666666667
2025-11-07,2025-11-07T07:48,2025-11-07T16:37,31723.38,8.5,1.6,16.616666666666667,7.8
2025-11-08,2025-11-08T07:50,2025-11-08T16:35,31479.5,9.0,0.2,16.583333333333332,7.833333333333333
2025-11-09,2025-11-09T07:52,2025-11-09T16:33,31237.02,5.8,0.0,16.55,7.866666666666667
2025-11-10,2025-11-10T07:55,2025-11-10T16:31,30996.23,3.1,0.0,16.516666666666666,7.916666666666667
2025-11-11,2025-11-11T07:57,2025-11-11T16:29,30757.41,3.6,0.0,16.483333333333334,7.95
2025-11-12,2025-11-12T07:59,2025-11-12T16:27,30520.86,3.3,1.0,16.45,7.983333333333333
2025-11-13,2025-11-13T08:01,2025-11-13T16:26,30286.89,4.7,0.1,16.433333333333334,8.016666666666667
2025-11-14,2025-11-14T08:03,2025-11-14T16:24,30055.82,5.5,0.5,16.4,8.05
2025-11-15,2025-11-15T08:05,2025-11-15T16:22,29827.96,0.4,12.8,16.366666666666667,8.083333333333334
2025-11-16,2025-11-16T08:07,2025-11-16T16:20,29603.67,-3.8,0.0,16.333333333333332,8.116666666666667
2025-11-17,2025-11-17T08:09,2025-11-17T16:19,29383.27,-0.4,2.9,16.316666666666666,8.15
2025-11-18,2025-11-18T08:11,2025-11-18T16:17,29167.14,5.1,10.1,16.283333333333335,8.183333333333334
2025-11-19,2025-11-19T08:13,2025-11-19T16:16,28955.63,0.3,0.0,16.266666666666666,8.216666666666667
2025-11-20,2025-11-20T08:15,2025-11-20T16:14,28749.14,-0.4,0.0,16.233333333333334,8.25
2025-11-21,2025-11-21T08:17,2025-11-21T16:13,28548.05,0.1,0.6,16.216666666666665,8.283333333333333
2025-11-22,2025-11-22T08:19,2025-11-22T16:11,28352.75,0.9,4.6,16.183333333333334,8.316666666666666
2025-11-23,2025-11-23T08:21,2025-11-23T16:10,28163.42,-0.3,0.1,16.166666666666668,8.35
2025-11-24,2025-11-24T08:22,2025-11-24T16:09,27978.05,1.7,10.5,16.15,8.366666666666667
2025-11-25,2025-11-25T08:24,2025-11-25T16:08,27796.29,0.2,0.0,16.133333333333333,8.4
2025-11-26,2025-11-26T08:26,2025-11-26T16:06,27618.38,0.5,7.2,16.1,8.433333333333334
2025-11-27,2025-11-27T08:28,2025-11-27T16:05,27444.59,3.7,6.3,16.083333333333332,8.466666666666667
2025-11-28,2025-11-28T08:30,2025-11-28T16:04,27275.2,3.4,3.7,16.066666666666666,8.5
2025-11-29,2025-11-29T08:31,2025-11-29T16:03,27110.48,0.2,0.0,16.05,8.516666666666667
2025-11-30,2025-11-30T08:33,2025-11-30T16:02,26950.72,1.9,0.2,16.033333333333335,8.55
2025-12-01,2025-12-01T08:35,2025-12-01T16:01,26796.21,0.7,0.0,16.016666666666666,8.583333333333334
2025-12-02,2025-12-02T08:36,2025-12-02T16:01,26647.23,0.4,0.0,16.016666666666666,8.6
2025-12-03,2025-12-03T08:38,2025-12-03T16:00,26504.08,0.8,0.0,16.0,8.633333333333333
2025-12-04,2025-12-04T08:40,2025-12-04T15:59,26367.07,1.8,0.0,15.983333333333333,8.666666666666666
2025-12-05,2025-12-05T08:41,2025-12-05T15:58,26236.5,2.0,0.0,15.966666666666667,8.683333333333334
2025-12-06,2025-12-06T08:43,2025-12-06T15:58,26112.67,2.7,0.0,15.966666666666667,8.716666666666667
2025-12-07,2025-12-07T08:44,2025-12-07T15:57,25995.89,0.8,0.0,15.95,8.733333333333333
2025-12-08,2025-12-08T08:45,2025-12-08T15:57,25886.45,0.2,0.0,15.95,8.75
2025-12-09,2025-12-09T08:47,2025-12-09T15:56,25784.68,-0.4,0.4,15.933333333333334,8.783333333333333
2025-12-10,2025-12-10T08:48,2025-12-10T15:56,25690.86,-0.5,2.2,15.933333333333334,8.8
2025-12-11,2025-12-11T08:49,2025-12-11T15:56,25605.3,2.0,4.2,15.933333333333334,8.816666666666666
2025-12-12,2025-12-12T08:50,2025-12-12T15:56,25528.31,1.5,3.6,15.933333333333334,8.833333333333334
2025-12-13,2025-12-13T08:51,2025-12-13T15:56,25460.07,-4.8,0.8,15.933333333333334,8.85
2025-12-14,2025-12-14T08:52,2025-12-14T15:56,25399.78,-6.0,0.6,15.933333333333334,8.866666666666667
2025-12-15,2025-12-15T08:53,2025-12-15T15:56,25347.25,-7.8,0.1,15.933333333333334,8.883333333333333
2025-12-16,2025-12-16T08:54,2025-12-16T15:56,25302.51,-2.1,1.4,15.933333333333334,8.9
2025-12-17,2025-12-17T08:55,2025-12-17T15:56,25265.6,1.2,0.1,15.933333333333334,8.916666666666666
2025-12-18,2025-12-18T08:55,2025-12-18T15:56,25236.55,0.3,0.0,15.933333333333334,8.916666666666666
2025-12-19,2025-12-19T08:56,2025-12-19T15:56,25215.38,-0.1,0.2,15.933333333333334,8.933333333333334
2025-12-20,2025-12-20T08:57,2025-12-20T15:57,25202.1,-0.6,0.0,15.95,8.95
2025-12-21,2025-12-21T08:57,2025-12-21T15:57,25196.73,0.1,0.5,15.95,8.95
2025-12-22,2025-12-22T08:58,2025-12-22T15:58,25199.24,-0.5,1.7,15.966666666666667,8.966666666666667
2025-12-23,2025-12-23T08:58,2025-12-23T15:58,25209.65,-11.6,0.0,15.966666666666667,8.966666666666667
2025-12-24,2025-12-24T08:59,2025-12-24T15:59,25227.93,-12.2,0.7,15.983333333333333,8.983333333333333
2025-12-25,2025-12-25T08:59,2025-12-25T16:00,25254.04,-2.6,3.6,16.0,8.983333333333333
2025-12-26,2025-12-26T08:59,2025-12-26T16:01,25287.97,0.5,9.4,16.016666666666666,8.983333333333333
2025-12-27,2025-12-27T08:59,2025-12-27T16:02,25329.66,-1.1,0.8,16.033333333333335,8.983333333333333
2025-12-28,2025-12-28T08:59,2025-12-28T16:02,25379.07,-2.8,2.7,16.033333333333335,8.983333333333333
2025-12-29,2025-12-29T08:59,2025-12-29T16:03,25436.15,-4.2,2.1,16.05,8.983333333333333
2025-12-30,2025-12-30T08:59,2025-12-30T16:04,25500.83,-5.0,4.6,16.066666666666666,8.983333333333333
2025-12-31,2025-12-31T08:59,2025-12-31T16:06,25573.04,-6.9,2.8,16.1,8.983333333333333
