date,t,p,sn,sd,ws
2025-01-01,-2.664705882352941,3.8,2.66,0.28705882352941176,13.164705882352942
2025-01-02,2.288235294117647,1.1,0.0,0.2752941176470588,21.50588235294118
2025-01-03,-5.035294117647059,1.2,0.8400000000000001,0.28,9.064705882352941
2025-01-04,-4.647058823529412,0.8,0.56,0.28,7.176470588235294
2025-01-05,-5.205882352941177,0.30000000000000004,0.21000000000000002,0.29,13.658823529411764
2025-01-06,-5.8999999999999995,0.0,0.0,0.29,9.011764705882353
2025-01-07,-1.2941176470588236,5.3,1.96,0.29823529411764704,9.823529411764707
2025-01-08,2.376470588235294,0.8,0.0,0.2752941176470588,15.941176470588236
2025-01-09,-0.6588235294117647,0.0,0.0,0.04,10.476470588235294
2025-01-10,1.5176470588235293,2.4,0.21000000000000002,0.04,12.923529411764704
2025-01-11,3.1411764705882352,3.9,0.0,0.04,14.858823529411765
2025-01-12,-1.2470588235294118,0.0,0.0,0.04294117647058823,6.405882352941177
2025-01-13,-2.2294117647058824,0.8,0.56,0.0911764705882353,8.994117647058824
2025-01-14,-4.641176470588236,2.0,1.33,0.1,14.700000000000001
2025-01-15,0.2823529411764706,0.1,0.07,0.1,11.470588235294118
2025-01-16,-0.7294117647058824,3.8,2.31,0.21176470588235294,13.141176470588235
2025-01-17,2.588235294117647,0.0,0.0,0.19,15.488235294117647
2025-01-18,1.2705882352941178,1.7,0.07,0.1735294117647059,14.958823529411765
2025-01-19,-0.7058823529411765,0.0,0.0,0.17,13.288235294117648
2025-01-20,0.7470588235294118,0.0,0.0,0.1623529411764706,14.700000000000001
2025-01-21,-6.517647058823529,0.0,0.0,0.16,6.111764705882353
2025-01-22,-4.929411764705883,0.9,0.6300000000000001,0.16764705882352943,13.494117647058824
2025-01-23,-2.735294117647059,0.0,0.0,0.16,11.223529411764707
2025-01-24,-1.8411764705882354,0.0,0.0,0.16,8.258823529411766
2025-01-25,-0.18823529411764706,0.0,0.0,0.16,9.311764705882354
2025-01-26,2.052941176470588,0.2,0.07,0.15529411764705883,11.370588235294118
2025-01-27,3.9588235294117644,0.5,0.0,0.12176470588235296,14.264705882352942
2025-01-28,3.4,0.1,0.0,0.07823529411764707,9.611764705882353
2025-01-29,3.5352941176470587,0.1,0.0,0.05176470588235294,9.447058823529412
2025-01-30,4.964705882352941,0.0,0.0,0.02764705882352941,12.18235294117647
2025-01-31,3.164705882352941,0.0,0.0,0.014705882352941176,9.511764705882353
2025-02-01,2.9352941176470586,0.7000000000000001,0.0,0.01,12.811764705882354
2025-02-02,0.2647058823529412,0.4,0.28,0.01,10.86470588235294
2025-02-03,-0.5764705882352942,0.1,0.07,0.01,6.68235294117647
2025-02-04,-1.788235294117647,0.0,0.0,0.01,2.635294117647059
2025-02-05,-1.2529411764705882,0.0,0.0,0.018235294117647058,11.647058823529411
2025-02-06,-1.6588235294117646,0.0,0.0,0.02,5.9411764705882355
2025-02-07,-3.8764705882352946,0.0,0.0,0.02,8.052941176470588
2025-02-08,-3.9470588235294115,0.0,0.0,0.02,3.8117647058823527
2025-02-09,-4.564705882352941,0.0,0.0,0.02,1.6823529411764706
2025-02-10,-5.082352941176471,0.0,0.0,0.02,4.729411764705882
2025-02-11,-5.894117647058824,0.0,0.0,0.02,4.870588235294117
2025-02-12,-6.617647058823529,0.0,0.0,0.02,8.288235294117648
2025-02-13,-7.035294117647059,0.0,0.0,0.02,5.711764705882352
2025-02-14,-6.605882352941176,0.2,0.21000000000000002,0.02,6.823529411764706
2025-02-15,-8.541176470588235,0.2,0.14,0.02764705882352941,10.31764705882353
2025-02-16,-10.4,0.30000000000000004,0.21000000000000002,0.03,9.811764705882354
2025-02-17,-11.570588235294117,0.0,0.0,0.03,10.835294117647058
2025-02-18,-9.470588235294118,0.30000000000000004,0.21000000000000002,0.03,5.982352941176471
2025-02-19,-6.841176470588235,0.1,0.07,0.04,5.041176470588235
2025-02-20,-8.976470588235294,0.0,0.0,0.04,4.770588235294118
2025-02-21,-7.0588235294117645,0.0,0.0,0.04,7.694117647058825
2025-02-22,-6.805882352941176,0.0,0.0,0.04,5.511764705882353
2025-02-23,-8.611764705882353,0.0,0.0,0.04,4.117647058823529
2025-02-24,-9.111764705882353,0.0,0.0,0.04,6.117647058823529
2025-02-25,-8.258823529411766,0.0,0.0,0.04,2.0176470588235293
2025-02-26,-5.447058823529411,0.0,0.0,0.04,4.735294117647059
2025-02-27,-5.064705882352941,0.0,0.0,0.03352941176470588,3.9823529411764707
2025-02-28,-2.2764705882352945,0.0,0.0,0.03,5.064705882352941
2025-03-01,0.17647058823529413,0.0,0.0,0.02411764705882353,7.917647058823529
2025-03-02,-0.7176470588235294,0.4,0.28,0.02,5.652941176470588
2025-03-03,0.04117647058823531,1.0,0.7000000000000001,0.02176470588235294,7.552941176470589
2025-03-04,1.788235294117647,2.6,0.8400000000000001,0.03470588235294118,12.617647058823529
2025-03-05,1.5411764705882351,1.4,0.84,0.03,15.564705882352943
2025-03-06,4.835294117647059,1.3,0.0,0.015882352941176472,16.076470588235296
2025-03-07,6.9941176470588236,0.0,0.0,0.0,16.04705882352941
2025-03-08,4.970588235294118,0.0,0.0,0.0,7.776470588235293
2025-03-09,6.488235294117647,0.0,0.0,0.0,9.652941176470588
2025-03-10,4.894117647058824,0.0,0.0,0.0,9.064705882352941
2025-03-11,7.582352941176471,0.2,0.0,0.0,12.205882352941176
2025-03-12,8.294117647058824,3.4000000000000004,0.0,0.0,6.088235294117647
2025-03-13,7.429411764705883,0.0,0.0,0.0,11.200000000000001
2025-03-14,9.964705882352941,1.7000000000000002,0.0,0.0,22.811764705882354
2025-03-15,0.12352941176470589,0.0,0.0,0.0,6.982352941176471
2025-03-16,0.7588235294117647,0.0,0.0,0.0,9.311764705882354
2025-03-17,-1.8764705882352941,1.7999999999999998,1.26,0.00823529411764706,11.882352941176471
2025-03-18,-1.3294117647058825,0.0,0.0,0.01,6.199999999999999
2025-03-19,0.7588235294117647,0.8999999999999999,0.42000000000000004,0.01,15.423529411764704
2025-03-20,4.105882352941176,0.0,0.0,0.005294117647058823,9.494117647058824
2025-03-21,5.611764705882353,0.0,0.0,0.0,9.776470588235293
2025-03-22,1.4823529411764707,0.0,0.0,0.0,11.523529411764706
2025-03-23,1.7352941176470589,0.0,0.0,0.0,6.023529411764706
2025-03-24,5.694117647058824,0.0,0.0,0.0,12.005882352941176
2025-03-25,3.823529411764706,4.6,0.14,0.0,13.947058823529412
2025-03-26,3.6705882352941175,0.0,0.0,0.0,3.6999999999999997
2025-03-27,5.5,1.8,0.0,0.0,6.81764705882353
2025-03-28,7.247058823529412,0.1,0.0,0.0,3.0352941176470587
2025-03-29,8.541176470588235,0.0,0.0,0.0,3.288235294117647
2025-03-30,8.470588235294118,0.0,0.0,0.0,6.970588235294118
2025-03-31,10.770588235294117,0.0,0.0,0.0,8.270588235294117
2025-04-01,9.152941176470588,5.9,0.0,0.0,11.5
2025-04-02,9.36470588235294,0.0,0.0,0.0,10.958823529411765
2025-04-03,9.458823529411763,0.0,0.0,0.0,8.023529411764706
2025-04-04,10.558823529411764,0.0,0.0,0.0,15.435294117647057
2025-04-05,4.423529411764706,0.1,0.0,0.0,9.776470588235293
2025-04-06,-2.2235294117647055,8.8,6.16,0.029411764705882353,18.852941176470587
2025-04-07,-0.8588235294117647,8.3,5.81,0.1111764705882353,9.564705882352941
2025-04-08,-1.2529411764705882,6.2,4.27,0.15294117647058825,11.647058823529411
2025-04-09,-1.9882352941176469,1.1,0.77,0.2,14.547058823529412
2025-04-10,-1.0647058823529412,1.0,0.7000000000000001,0.2,6.594117647058823
2025-04-11,0.035294117647058774,0.0,0.0,0.18411764705882352,9.01764705882353
2025-04-12,0.2529411764705882,0.2,0.14,0.16823529411764707,11.24705882352941
2025-04-13,4.194117647058824,0.0,0.0,0.14764705882352944,3.9
2025-04-14,7.958823529411766,0.0,0.0,0.09294117647058824,10.041176470588235
2025-04-15,13.129411764705882,0.0,0.0,0.03,11.688235294117646
2025-04-16,14.9,0.0,0.0,0.003529411764705882,5.052941176470589
2025-04-17,13.929411764705883,0.0,0.0,0.0,9.36470588235294
2025-04-18,17.88235294117647,0.4,0.0,0.0,6.564705882352941
2025-04-19,19.676470588235293,0.0,0.0,0.0,9.688235294117646
2025-04-20,19.870588235294118,0.0,0.0,0.0,10.776470588235293
2025-04-21,20.552941176470586,0.0,0.0,0.0,12.399999999999999
2025-04-22,19.49411764705882,0.1,0.0,0.0,7.811764705882354
2025-04-23,20.511764705882353,0.30000000000000004,0.0,0.0,10.494117647058824
2025-04-24,15.764705882352942,0.0,0.0,0.0,8.935294117647059
2025-04-25,13.547058823529412,3.3000000000000003,0.0,0.0,11.270588235294117
2025-04-26,4.741176470588235,0.0,0.0,0.0,16.923529411764704
2025-04-27,3.3294117647058825,0.30000000000000004,0.21000000000000002,0.0,14.770588235294117
2025-04-28,6.811764705882353,0.0,0.0,0.0,13.070588235294117
2025-04-29,8.441176470588236,2.7,0.0,0.0,15.441176470588236
2025-04-30,8.48235294117647,1.2999999999999998,0.0,0.0,12.1
2025-05-01,6.858823529411764,19.7,0.0,0.0,9.558823529411764
2025-05-02,4.611764705882353,3.1,1.82,0.014117647058823528,14.335294117647058
2025-05-03,9.976470588235294,0.30000000000000004,0.0,0.004705882352941177,11.711764705882352
2025-05-04,13.323529411764707,7.4,0.0,0.0,7.394117647058824
2025-05-05,10.988235294117647,0.6,0.0,0.0,16.235294117647058
2025-05-06,7.847058823529412,0.0,0.0,0.0,10.68235294117647
2025-05-07,10.694117647058825,0.1,0.0,0.0,7.352941176470588
2025-05-08,7.123529411764705,0.2,0.0,0.0,11.0
2025-05-09,6.7705882352941185,0.0,0.0,0.0,10.794117647058824
2025-05-10,7.123529411764705,1.7999999999999998,0.0,0.0,11.588235294117647
2025-05-11,5.8999999999999995,1.2,0.0,0.0,14.388235294117647
2025-05-12,5.811764705882353,2.7,0.0,0.0,10.294117647058824
2025-05-13,7.229411764705882,6.7,0.0,0.0,5.835294117647059
2025-05-14,10.241176470588234,0.7000000000000001,0.0,0.0,7.905882352941177
2025-05-15,13.347058823529412,0.1,0.0,0.0,8.9
2025-05-16,17.276470588235295,0.0,0.0,0.0,10.552941176470588
2025-05-17,17.529411764705884,0.0,0.0,0.0,10.870588235294118
2025-05-18,16.823529411764707,1.4,0.0,0.0,14.799999999999999
2025-05-19,14.558823529411764,1.7,0.0,0.0,11.852941176470589
2025-05-20,13.31764705882353,2.1,0.0,0.0,9.129411764705882
2025-05-21,16.011764705882353,0.7999999999999999,0.0,0.0,9.564705882352941
2025-05-22,18.45294117647059,0.0,0.0,0.0,3.841176470588235
2025-05-23,22.123529411764707,0.0,0.0,0.0,10.805882352941175
2025-05-24,24.22941176470588,0.0,0.0,0.0,9.911764705882353
2025-05-25,24.91176470588235,0.0,0.0,0.0,12.535294117647059
2025-05-26,24.794117647058822,0.0,0.0,0.0,16.900000000000002
2025-05-27,23.741176470588236,0.0,0.0,0.0,14.48235294117647
2025-05-28,23.88823529411765,0.0,0.0,0.0,14.370588235294118
2025-05-29,25.523529411764706,0.1,0.0,0.0,14.529411764705882
2025-05-30,23.68235294117647,0.1,0.0,0.0,10.476470588235294
2025-05-31,21.95294117647059,1.9,0.0,0.0,6.435294117647059
2025-06-01,18.876470588235293,0.1,0.0,0.0,14.200000000000001
2025-06-02,19.605882352941176,0.0,0.0,0.0,10.288235294117648
2025-06-03,20.670588235294115,0.1,0.0,0.0,11.794117647058824
2025-06-04,19.529411764705884,0.4,0.0,0.0,10.91764705882353
2025-06-05,21.764705882352942,0.0,0.0,0.0,7.741176470588235
2025-06-06,22.84705882352941,2.7,0.0,0.0,11.776470588235293
2025-06-07,23.935294117647057,3.3000000000000003,0.0,0.0,9.735294117647058
2025-06-08,23.311764705882354,1.9000000000000001,0.0,0.0,10.429411764705883
2025-06-09,23.529411764705884,1.7,0.0,0.0,14.841176470588236
2025-06-10,18.076470588235296,0.0,0.0,0.0,13.58235294117647
2025-06-11,17.49411764705882,0.0,0.0,0.0,5.047058823529412
2025-06-12,18.723529411764705,0.4,0.0,0.0,7.358823529411764
2025-06-13,17.094117647058823,9.8,0.0,0.0,11.91764705882353
2025-06-14,15.117647058823529,7.5,0.0,0.0,13.588235294117647
2025-06-15,15.676470588235293,2.5,0.0,0.0,14.270588235294117
2025-06-16,20.25294117647059,0.0,0.0,0.0,8.08235294117647
2025-06-17,18.823529411764707,5.2,0.0,0.0,4.870588235294117
2025-06-18,16.83529411764706,3.8,0.0,0.0,6.170588235294118
2025-06-19,15.51764705882353,4.4,0.0,0.0,12.382352941176471
2025-06-20,14.141176470588235,7.8,0.0,0.0,12.347058823529412
2025-06-21,14.18235294117647,0.0,0.0,0.0,13.411764705882353
2025-06-22,14.08235294117647,2.6,0.0,0.0,8.211764705882352
2025-06-23,16.776470588235295,0.0,0.0,0.0,6.758823529411765
2025-06-24,17.74705882352941,1.9,0.0,0.0,13.670588235294119
2025-06-25,16.876470588235293,1.8,0.0,0.0,14.41764705882353
2025-06-26,16.72941176470588,1.1,0.0,0.0,12.4
2025-06-27,15.594117647058825,0.0,0.0,0.0,14.394117647058822
2025-06-28,18.458823529411767,0.0,0.0,0.0,3.4176470588235297
2025-06-29,17.99411764705882,7.0,0.0,0.0,12.323529411764707
2025-06-30,12.811764705882354,7.8,0.0,0.0,16.258823529411764
2025-07-01,13.188235294117646,5.0,0.0,0.0,19.58823529411765
2025-07-02,16.61176470588235,1.5,0.0,0.0,15.088235294117647
2025-07-03,21.605882352941176,0.0,0.0,0.0,10.929411764705883
2025-07-04,21.970588235294116,1.5,0.0,0.0,12.464705882352941
2025-07-05,17.476470588235294,0.0,0.0,0.0,10.81764705882353
2025-07-06,17.541176470588233,0.1,0.0,0.0,9.547058823529412
2025-07-07,23.676470588235293,0.1,0.0,0.0,10.876470588235295
2025-07-08,26.694117647058825,1.6,0.0,0.0,12.394117647058824
2025-07-09,27.205882352941178,1.5,0.0,0.0,6.829411764705882
2025-07-10,29.53529411764706,0.0,0.0,0.0,11.86470588235294
2025-07-11,30.741176470588236,0.0,0.0,0.0,12.552941176470588
2025-07-12,29.93529411764706,0.6000000000000001,0.0,0.0,9.070588235294117
2025-07-13,27.188235294117646,3.1,0.0,0.0,8.847058823529412
2025-07-14,24.870588235294118,1.5,0.0,0.0,5.147058823529412
2025-07-15,23.08823529411765,8.999999999999998,0.0,0.0,3.770588235294117
2025-07-16,21.688235294117646,7.4,0.0,0.0,4.841176470588235
2025-07-17,22.094117647058823,5.5,0.0,0.0,5.211764705882352
2025-07-18,22.88235294117647,0.0,0.0,0.0,10.858823529411765
2025-07-19,22.735294117647058,1.4,0.0,0.0,13.005882352941176
2025-07-20,22.735294117647058,0.5,0.0,0.0,13.782352941176471
2025-07-21,18.96470588235294,24.5,0.0,0.0,9.13529411764706
2025-07-22,20.45294117647059,2.4,0.0,0.0,6.529411764705882
2025-07-23,21.570588235294117,1.4,0.0,0.0,6.288235294117648
2025-07-24,22.400000000000002,3.0,0.0,0.0,5.329411764705882
2025-07-25,24.08823529411765,0.0,0.0,0.0,5.576470588235294
2025-07-26,22.241176470588236,0.0,0.0,0.0,6.8999999999999995
2025-07-27,24.08235294117647,0.0,0.0,0.0,5.805882352941176
2025-07-28,26.36470588235294,0.0,0.0,0.0,5.0058823529411764
2025-07-29,26.764705882352942,0.2,0.0,0.0,6.676470588235294
2025-07-30,26.564705882352943,0.1,0.0,0.0,7.782352941176471
2025-07-31,26.61764705882353,0.1,0.0,0.0,9.700000000000001
2025-08-01,22.370588235294118,17.5,0.0,0.0,10.700000000000001
2025-08-02,21.72941176470588,0.7,0.0,0.0,8.570588235294117
2025-08-03,22.41176470588235,0.2,0.0,0.0,5.9411764705882355
2025-08-04,19.81764705882353,21.1,0.0,0.0,8.576470588235296
2025-08-05,21.28235294117647,3.1,0.0,0.0,9.258823529411766
2025-08-06,22.023529411764706,0.0,0.0,0.0,8.188235294117646
2025-08-07,18.16470588235294,5.2,0.0,0.0,8.0
2025-08-08,18.258823529411767,0.1,0.0,0.0,8.605882352941178
2025-08-09,16.511764705882353,10.3,0.0,0.0,7.452941176470588
2025-08-10,18.63529411764706,0.1,0.0,0.0,7.847058823529412
2025-08-11,17.04705882352941,1.9000000000000001,0.0,0.0,4.470588235294118
2025-08-12,17.36470588235294,5.0,0.0,0.0,9.476470588235294
2025-08-13,17.735294117647058,1.0,0.0,0.0,11.088235294117647
2025-08-14,15.794117647058824,0.5,0.0,0.0,11.494117647058824
2025-08-15,19.564705882352943,0.0,0.0,0.0,10.770588235294117
2025-08-16,19.558823529411764,0.0,0.0,0.0,9.264705882352942
2025-08-17,17.776470588235295,0.30000000000000004,0.0,0.0,9.48235294117647
2025-08-18,14.58235294117647,4.2,0.0,0.0,7.723529411764707
2025-08-19,17.458823529411767,0.5,0.0,0.0,12.964705882352941
2025-08-20,17.776470588235295,6.3,0.0,0.0,12.629411764705882
2025-08-21,14.31764705882353,6.2,0.0,0.0,6.017647058823529
2025-08-22,14.294117647058824,0.0,0.0,0.0,5.923529411764706
2025-08-23,14.882352941176471,0.0,0.0,0.0,6.035294117647059
2025-08-24,15.194117647058825,0.0,0.0,0.0,5.452941176470588
2025-08-25,13.188235294117646,1.5,0.0,0.0,12.488235294117647
2025-08-26,12.68235294117647,2.2,0.0,0.0,11.541176470588235
2025-08-27,13.282352941176471,1.0,0.0,0.0,10.6
2025-08-28,14.799999999999999,0.1,0.0,0.0,13.01764705882353
2025-08-29,16.858823529411765,0.1,0.0,0.0,7.647058823529412
2025-08-30,23.01764705882353,0.0,0.0,0.0,12.447058823529412
2025-08-31,22.870588235294118,0.0,0.0,0.0,5.9941176470588236
2025-09-01,18.958823529411767,0.0,0.0,0.0,11.105882352941178
2025-09-02,15.088235294117647,0.0,0.0,0.0,14.541176470588235
2025-09-03,15.7,0.0,0.0,0.0,10.076470588235296
2025-09-04,15.729411764705882,0.1,0.0,0.0,7.81764705882353
2025-09-05,16.905882352941177,0.0,0.0,0.0,5.170588235294118
2025-09-06,17.394117647058824,0.0,0.0,0.0,6.117647058823529
2025-09-07,18.170588235294115,0.0,0.0,0.0,6.747058823529412
2025-09-08,18.27058823529412,0.0,0.0,0.0,6.670588235294118
2025-09-09,18.564705882352943,0.0,0.0,0.0,6.823529411764706
2025-09-10,15.629411764705882,0.0,0.0,0.0,4.864705882352942
2025-09-11,16.405882352941177,0.0,0.0,0.0,3.3529411764705883
2025-09-12,14.923529411764704,0.0,0.0,0.0,8.823529411764707
2025-09-13,13.58235294117647,0.0,0.0,0.0,6.335294117647059
2025-09-14,14.276470588235293,0.0,0.0,0.0,6.0
2025-09-15,16.00588235294118,0.0,0.0,0.0,8.147058823529411
2025-09-16,17.329411764705885,0.0,0.0,0.0,9.811764705882354
2025-09-17,16.3,0.0,0.0,0.0,10.588235294117647
2025-09-18,14.658823529411764,0.0,0.0,0.0,8.623529411764705
2025-09-19,12.905882352941177,3.2,0.0,0.0,10.729411764705883
2025-09-20,13.700000000000001,0.0,0.0,0.0,12.670588235294119
2025-09-21,18.223529411764705,0.0,0.0,0.0,10.447058823529412
2025-09-22,21.211764705882356,0.0,0.0,0.0,13.4
2025-09-23,14.241176470588234,1.2000000000000002,0.0,0.0,8.6
2025-09-24,8.952941176470588,0.1,0.0,0.0,14.005882352941176
2025-09-25,8.63529411764706,0.4,0.0,0.0,12.329411764705881
2025-09-26,9.470588235294118,0.0,0.0,0.0,9.664705882352942
2025-09-27,8.952941176470588,3.6,0.0,0.0,7.276470588235294
2025-09-28,7.158823529411765,0.30000000000000004,0.0,0.0,14.25294117647059
2025-09-29,7.105882352941176,0.0,0.0,0.0,12.376470588235295
2025-09-30,5.876470588235295,0.0,0.0,0.0,5.276470588235294
2025-10-01,7.2823529411764705,0.0,0.0,0.0,4.9411764705882355
2025-10-02,8.211764705882352,0.0,0.0,0.0,7.341176470588235
2025-10-03,9.029411764705882,0.0,0.0,0.0,7.470588235294118
2025-10-04,10.31764705882353,0.0,0.0,0.0,11.1
2025-10-05,10.529411764705882,1.0,0.0,0.0,11.523529411764706
2025-10-06,11.41764705882353,2.4,0.0,0.0,2.9705882352941178
2025-10-07,11.341176470588234,0.6,0.0,0.0,3.570588235294118
2025-10-08,11.564705882352941,0.0,0.0,0.0,2.588235294117647
2025-10-09,11.629411764705882,0.7,0.0,0.0,8.035294117647059
2025-10-10,10.223529411764707,1.1,0.0,0.0,9.094117647058823
2025-10-11,10.370588235294118,0.0,0.0,0.0,6.670588235294118
2025-10-12,7.358823529411764,0.6000000000000001,0.0,0.0,9.764705882352942
2025-10-13,3.829411764705882,11.9,0.07,0.0,11.08235294117647
2025-10-14,4.6000000000000005,3.2,0.0,0.0,12.1
2025-10-15,3.8470588235294123,5.0,0.0,0.0,5.629411764705883
2025-10-16,4.670588235294118,0.5,0.0,0.0,9.117647058823529
2025-10-17,8.200000000000001,2.6,0.0,0.0,13.035294117647059
2025-10-18,5.8999999999999995,0.0,0.0,0.0,4.423529411764706
2025-10-19,6.011764705882353,0.2,0.0,0.0,10.052941176470588
2025-10-20,6.352941176470588,0.0,0.0,0.0,10.552941176470588
2025-10-21,4.164705882352941,0.9,0.0,0.0,9.329411764705881
2025-10-22,5.341176470588235,0.0,0.0,0.0,4.517647058823529
2025-10-23,5.052941176470589,0.1,0.0,0.0,6.352941176470588
2025-10-24,7.576470588235295,1.6,0.0,0.0,11.700000000000001
2025-10-25,9.894117647058822,0.0,0.0,0.0,14.705882352941176
2025-10-26,7.18235294117647,1.6,0.0,0.0,13.352941176470589
2025-10-27,7.041176470588235,1.5999999999999999,0.0,0.0,12.86470588235294
2025-10-28,6.2,3.0,0.0,0.0,10.31764705882353
2025-10-29,5.705882352941177,1.2000000000000002,0.0,0.0,8.147058823529411
2025-10-30,6.08235294117647,0.0,0.0,0.0,7.017647058823529
2025-10-31,5.588235294117647,9.9,0.0,0.0,13.464705882352941
2025-11-01,5.564705882352941,0.0,0.0,0.0,6.264705882352941
2025-11-02,5.3999999999999995,0.1,0.0,0.0,6.511764705882353
2025-11-03,6.458823529411765,1.8,0.0,0.0,13.0
2025-11-04,8.441176470588236,2.7,0.0,0.0,10.735294117647058
2025-11-05,6.541176470588235,0.0,0.0,0.0,10.205882352941176
2025-11-06,7.535294117647059,1.5,0.0,0.0,12.91764705882353
2025-11-07,8.823529411764707,0.5,0.0,0.0,9.994117647058824
2025-11-08,8.970588235294118,0.0,0.0,0.0,10.36470588235294
2025-11-09,5.352941176470588,0.0,0.0,0.0,9.876470588235295
2025-11-10,3.1470588235294117,0.0,0.0,0.0,7.394117647058824
2025-11-11,3.8823529411764706,0.0,0.0,0.0,3.1941176470588233
2025-11-12,3.6411764705882352,1.0,0.0,0.0,11.223529411764707
2025-11-13,5.1000000000000005,0.1,0.0,0.0,8.617647058823529
2025-11-14,5.905882352941177,0.4,0.0,0.0,17.629411764705882
2025-11-15,-0.09411764705882353,6.3,4.13,0.04176470588235295,9.811764705882354
2025-11-16,-3.411764705882353,0.0,0.0,0.04,10.335294117647058
2025-11-17,0.6294117647058823,2.9,0.0,0.03588235294117647,14.541176470588235
2025-11-18,5.723529411764706,4.7,0.0,0.001764705882352941,18.77058823529412
2025-11-19,0.3941176470588235,0.0,0.0,0.01647058823529412,9.876470588235295
2025-11-20,-0.15882352941176472,0.0,0.0,0.0,8.511764705882353
2025-11-21,0.6294117647058823,0.30000000000000004,0.14,0.00823529411764706,7.958823529411766
2025-11-22,1.1294117647058823,1.6,0.8400000000000001,0.0058823529411764705,5.617647058823529
2025-11-23,-0.13529411764705881,0.0,0.0,0.00823529411764706,5.241176470588235
2025-11-24,2.5411764705882356,4.2,0.07,0.001764705882352941,15.852941176470589
2025-11-25,0.12941176470588237,0.0,0.0,0.02,8.91764705882353
2025-11-26,0.44705882352941173,4.8,1.96,0.026470588235294117,4.311764705882353
2025-11-27,4.31764705882353,4.5,0.0,0.0011764705882352942,11.094117647058823
2025-11-28,2.9058823529411764,0.0,0.0,0.0,9.48235294117647
2025-11-29,0.07647058823529412,0.0,0.0,0.0,8.976470588235294
2025-11-30,2.3117647058823527,0.0,0.0,0.0,5.511764705882353
2025-12-01,0.22941176470588237,0.0,0.0,0.0,9.299999999999999
2025-12-02,0.5529411764705883,0.0,0.0,0.0,4.988235294117647
2025-12-03,0.9,0.0,0.0,0.0,3.9647058823529413
2025-12-04,2.0941176470588236,0.0,0.0,0.0,7.152941176470588
2025-12-05,2.0470588235294116,0.0,0.0,0.0,6.976470588235294
2025-12-06,2.788235294117647,0.0,0.0,0.0,7.541176470588234
2025-12-07,0.5764705882352942,0.0,0.0,0.0,7.552941176470589
2025-12-08,0.22352941176470587,0.0,0.0,0.0,9.723529411764707
2025-12-09,-0.4764705882352941,0.2,0.14,0.0,14.876470588235295
2025-12-10,-0.41764705882352937,0.8,0.56,0.01764705882352941,8.464705882352941
2025-12-11,2.341176470588235,4.2,0.0,0.01,14.676470588235293
2025-12-12,1.1117647058823528,3.5,0.77,0.00823529411764706,14.847058823529412
2025-12-13,-5.070588235294117,0.4,0.35000000000000003,0.018235294117647058,19.811764705882354
2025-12-14,-6.2176470588235295,0.1,0.07,0.023529411764705882,13.041176470588235
2025-12-15,-7.252941176470588,0.1,0.07,0.03,4.523529411764706
2025-12-16,-0.9588235294117647,1.4,0.9099999999999999,0.03705882352941176,11.494117647058824
2025-12-17,1.1058823529411765,0.0,0.0,0.021176470588235293,8.652941176470588
2025-12-18,0.3941176470588235,0.0,0.0,0.01,12.452941176470588
2025-12-19,-0.5176470588235295,0.2,0.0,0.01,9.570588235294117
2025-12-20,-0.5352941176470588,0.0,0.0,0.0,11.694117647058825
2025-12-21,0.27647058823529413,0.5,0.35,0.004705882352941177,9.91764705882353
2025-12-22,-0.6176470588235294,0.9,0.35000000000000003,0.004705882352941177,14.435294117647059
2025-12-23,-12.788235294117648,0.0,0.0,0.011764705882352941,14.570588235294117
2025-12-24,-11.205882352941176,0.6000000000000001,0.49000000000000005,0.02176470588235294,12.676470588235293
2025-12-25,-2.2235294117647055,2.2,1.6099999999999999,0.025294117647058825,14.617647058823529
2025-12-26,0.6,5.2,3.64,0.11352941176470588,19.311764705882354
2025-12-27,-1.5058823529411764,0.5,0.35,0.13,11.017647058823528
2025-12-28,-2.8058823529411767,2.0,1.4000000000000001,0.13823529411764707,9.74705882352941
2025-12-29,-4.323529411764706,1.7000000000000002,1.1900000000000002,0.14705882352941177,5.764705882352941
2025-12-30,-4.829411764705882,3.5,2.45,0.17705882352941174,9.835294117647058
2025-12-31,-7.347058823529412,1.4000000000000001,0.9800000000000001,0.19117647058823528,9.064705882352941
